2016/1/1,
2016/1/11,l̓
2016/2/11,LO̓
2016/3/20,t̓
2016/4/29,a̓
2016/5/3,@LO
2016/5/4,݂ǂ̓
2016/5/5,ǂ̓
2016/7/18,C̓
2016/8/11,R̓
2016/9/19,hV̓
2016/9/22,H̓
2016/10/10,̈̓
2016/11/3,̓
2016/11/23,ΘJӂ̓
2016/12/23,Vca
2017/1/1,
2017/1/9,l̓
2017/2/11,LO̓
2017/3/20,t̓
2017/4/29,a̓
2017/5/3,@LO
2017/5/4,݂ǂ̓
2017/5/5,ǂ̓
2017/7/17,C̓
2017/8/11,R̓
2017/9/18,hV̓
2017/9/23,H̓
2017/10/9,̈̓
2017/11/3,̓
2017/11/23,ΘJӂ̓
2017/12/23,Vca
2018/1/1,
2018/1/8,l̓
2018/2/11,LO̓
2018/3/21,t̓
2018/4/29,a̓
2018/5/3,@LO
2018/5/4,݂ǂ̓
2018/5/5,ǂ̓
2018/7/16,C̓
2018/8/11,R̓
2018/9/17,hV̓
2018/9/23,H̓
2018/10/8,̈̓
2018/11/3,̓
2018/11/23,ΘJӂ̓
2018/12/23,Vca
